messages,phase,seconds,cpu_seconds,peak_rss_mib,database_bytes,log_bytes,log_files,snapshot_bytes,snapshot,remote
200,first,3.527,0.212,50.3,266240,14836,34,71661,2026-10-01T181916Z,True
200,repeat,3.495,0.189,50.3,266240,14836,34,71671,2026-10-01T181920Z,True
2000,first,3.57,0.262,52.3,1069056,105484,34,373420,2026-10-01T181925Z,True
2000,repeat,3.558,0.197,52.3,1069056,105484,34,373421,2026-10-01T181930Z,True
20000,first,4.165,0.56,62.5,9060352,858664,68,3100639,2026-10-01T181936Z,True
20000,repeat,3.682,0.395,62.8,9060352,858664,68,3100642,2026-10-01T181941Z,True
200000,first,8.162,3.565,125.3,90189824,8407185,680,30961709,2026-10-01T181954Z,True
200000,repeat,5.366,1.868,125.3,90189824,8407185,680,30961714,2026-10-01T182003Z,True
2000000,first,45.951,33.938,134.8,892444672,83832797,6800,309031658,2026-10-01T182132Z,True
2000000,repeat,22.228,16.824,149.4,892444672,83832797,6800,309031658,2026-10-01T182219Z,True
20000000,first,527.936,352.813,411.4,8987377664,838228932,68000,3084038886,2026-10-01T183759Z,True
20000000,repeat,289.173,180.868,508.6,8987377664,838228932,68000,3084038887,2026-10-01T184649Z,True
